split,samples,seg_min,seg_max,seg_mean,seg_median,seg_p95,seg_p99,total_segments,len_mean,len_median,len_p95,len_max
train,46410,0,882,71.12678302090067,59.0,189.0,291.9099999999962,3300994,0.12547,0.06501,0.42976,2.77598
val,2053,0,779,82.06429615197273,66.0,211.39999999999986,331.9200000000001,168478,0.12415,0.06299,0.42978,2.49845
